time,pelvis_tilt,pelvis_list,pelvis_rotation,pelvis_tx,pelvis_ty,pelvis_tz,hip_flexion_r,hip_adduction_r,hip_rotation_r,knee_angle_r,ankle_angle_r,subtalar_angle_r,mtp_angle_r,hip_flexion_l,hip_adduction_l,hip_rotation_l,knee_angle_l,ankle_angle_l,subtalar_angle_l,mtp_angle_l,lumbar_extension,lumbar_bending,lumbar_rotation,arm_flex_r,arm_add_r,arm_rot_r,elbow_flex_r,pro_sup_r,wrist_flex_r,wrist_dev_r,arm_flex_l,arm_add_l,arm_rot_l,elbow_flex_l,pro_sup_l,wrist_flex_l,wrist_dev_l
0.9,0.991245,2.69985,1.09408,1.28376,0.449263,-1.77438,12.549,-9.30727,-1.39142,-26.7222,-14.7704,0.00010456,0,-5.04087,9.05511,10.858,-75.2447,-0.0146732,-9.69062e-05,0,0.813973,-0.97156,-5.89052,-11.5698,0.984509,-6.61518,2.85739,-0.578429,-3.66139e-05,0.000120918,1.53018,0.910627,6.37897,12.2144,-5.01551,-2.81187e-06,-3.14533e-05
0.95,3.40873,10.9035,-1.41096,1.60443,2.3668,-1.18536,14.9582,-14.0389,10.4707,-31.6059,-18.7954,-1.8425e-06,0,-11.1569,13.2018,-2.95788,-46.4298,-0.923663,-0.000127549,0,-1.72993,-11.1705,-2.45063,-18.0905,-1.53842,-3.2182,4.54097,-1.59761,7.22589e-05,-1.52154e-06,6.41681,-1.48295,-3.102,8.50465,1.09465,-3.70796e-05,3.59248e-05
0.99,-0.315099,14.0365,-3.66156,-0.3658,3.04269,-0.418102,35.0134,-15.5052,8.3744,-48.3691,-42.8214,-0.000111522,0,-4.53412,15.0061,-2.10622,-14.9616,4.75498,8.75031e-06,0,-1.59305,-15.6002,1.39202,-13.7486,0.0612622,-5.83764,-2.46574,-4.94124,-0.000102733,-0.000177023,14.3809,-2.9544,-4.43459,5.82197,5.70759,-3.37763e-05,1.83303e-07
1.16,-3.13973,-5.41985,-3.12657,-0.597634,-1.42633,1.38423,-9.47758,12.5042,-0.750958,71.1364,51.4924,0.00024624,0,-1.25206,-7.17425,-8.53073,11.4362,-7.83023,-6.55867e-05,0,4.66006,5.11671,4.91498,-1.89585,-4.72479,4.98332,-5.7457,3.18709,-3.61334e-05,-2.39009e-05,6.07176,-3.0996,2.75085,3.43119,-0.734619,8.67852e-06,5.83133e-05
1.38,0.428985,-1.67283,1.21058,0.860979,-0.0212529,1.57322,-12.1228,6.09854,2.58238,-15.1323,-11.7545,-8.84759e-05,0,5.08721,-6.16372,3.5685,-13.4013,-5.36104,-0.000106784,0,-0.102614,0.525555,6.51767,0.0805622,4.94612,1.61556,-7.30691,0.418118,2.11053e-05,-1.0828e-05,-3.53597,7.60655,-1.25637,-3.61216,-0.955703,0.00013383,-1.36807e-05
1.52,4.81362,-10.76,-1.47972,1.65849,2.88342,0.64636,-5.44493,8.34173,-3.80234,-30.7983,0.147919,-8.86311e-05,0,15.7806,-8.98824,1.15595,-29.1372,-30.3534,4.8825e-05,0,-2.21067,10.7431,-0.000458445,8.30917,-0.594978,3.24792,11.6831,4.22704,-4.0252e-05,-5.0589e-05,-24.1246,1.88798,-4.07628,2.02128,0.195397,-0.000125162,1.33912e-05
1.57,-0.870629,-6.42586,0.0904961,-2.31468,2.59383,-0.0613432,-8.36019,10.2293,-6.15882,22.4121,16.4744,-0.000119959,0,43.5502,-3.23136,-7.42802,-48.0049,-41.9117,-7.96268e-06,0,-2.99267,6.4714,1.26884,12.9851,-3.36556,2.6942,19.3711,4.36471,5.32289e-05,-0.000246002,-10.9276,3.07071,-7.90595,-1.53751,0.912227,-2.13611e-06,-0.000182796
1.63,-7.98375,9.39146,0.5853,-3.56949,0.0339611,-0.853643,-4.74437,-6.66977,-5.90914,30.6202,15.2257,-2.129e-05,0,34.6756,15.4935,-1.00767,0.818908,40.0534,-0.000202434,0,4.20948,-10.3116,0.592343,12.2455,-1.99649,-0.206084,14.7424,-2.34022,2.45539e-05,0.00012547,4.42138,0.912427,3.12674,-17.0911,-0.434187,0.000106196,0.000169887
1.68,-4.88145,13.274,1.22264,-1.89389,-1.26322,-0.84946,1.07286,-14.041,-6.03643,9.56432,-2.90079,-2.15254e-05,0,0.854463,19.7686,3.46392,59.6548,85.5337,-1.35616e-05,0,4.02518,-14.7431,0.579338,7.7255,0.352495,-0.0440689,3.89755,-3.53004,-2.39897e-05,6.73994e-05,6.44158,-3.6153,9.47863,-18.2919,-0.837695,-2.8272e-05,0.000202271
1.75,0.86976,3.28291,-12.2033,0.646323,-1.38479,0.379661,2.68811,-2.66306,3.79176,-4.68993,-7.41315,5.00294e-05,0,-26.4923,-2.81707,-16.0973,78.6199,9.44908,0.000174139,0,0.288493,-6.32038,6.62451,3.89491,2.62853,3.77278,-1.41107,0.804684,-0.000105913,0.000242753,-6.05149,-4.00014,-1.04039,-8.95505,-1.91433,5.10407e-05,-0.000221607
1.81,8.45157,0.301688,-11.8281,1.43851,-1.23645,-0.113267,-12.8772,0.0422137,18.9886,2.07877,10.227,1.77968e-05,0,-32.8681,-9.66116,-15.9417,50.4186,-13.9464,3.6052e-05,0,-6.73388,-1.635,8.52515,-0.109334,-0.156984,10.1736,-1.51047,1.32149,-7.31163e-05,0.000109835,2.95063,3.91332,-8.80057,-21.9576,0.470968,5.33474e-05,-1.77516e-05
1.85,3.94943,-2.03255,-0.529654,1.49276,-1.55414,-0.858482,-6.32285,0.393987,8.57153,-0.990625,5.37534,-6.59195e-05,0,-23.957,-5.01938,-3.61602,31.4796,-20.3564,4.54695e-05,0,-0.968794,2.52886,-1.13012,-5.35435,1.489,5.38471,0.40044,-0.419049,0.000152657,-8.00193e-05,1.38235,3.79566,-5.41676,-10.9613,0.67114,-2.37744e-05,9.17362e-05
1.89,-0.826798,-2.04304,8.17871,0.862863,-1.49698,-1.55398,4.70602,-1.33657,-3.11415,-9.63179,-4.18681,5.68125e-05,0,-8.77661,3.95748,5.72719,-1.0424,-23.9754,1.53722e-05,0,3.4815,4.07705,-6.29855,-9.14402,1.1083,-1.58126,1.27037,-1.26581,-7.29138e-05,-2.93694e-05,0.122105,1.26413,-1.51669,5.99103,-1.10828,2.16067e-05,0.000128813
1.92,-2.07576,0.369036,6.67625,0.485876,-0.771973,-1.6675,10.3518,-5.19573,-7.98575,-16.2431,-6.99477,-9.30678e-05,0,-6.55958,8.66043,8.42216,-19.5008,-27.3358,-0.000113558,0,2.64056,1.54752,-6.16779,-10.7756,-0.711968,-0.795176,5.77976,-0.41023,-7.13066e-05,-0.000229313,2.41308,1.12743,-2.93031,9.87256,-2.96139,-6.9353e-05,-5.08412e-05
1.96,-1.25235,2.76907,1.73084,1.1326,0.227077,-1.74959,9.70278,-8.95478,-4.82062,-17.0256,-8.19627,7.94178e-05,0,-2.10023,8.83294,9.76379,-58.9874,-10.1601,-5.00651e-05,0,2.40269,-1.21777,-3.50452,-12.3365,-1.89384,-3.9676,1.17545,-0.648567,2.60378e-07,3.87406e-05,0.926874,0.499656,0.742002,14.7453,-1.93558,3.23024e-05,-0.000168128
1.99,4.00621,7.75676,-2.11901,1.86463,1.08577,-1.62807,3.82566,-14.8697,4.59065,-18.0674,-10.3289,0.000156865,0,-6.5326,10.3974,6.23041,-75.1833,7.35845,8.43465e-06,0,-2.54886,-7.01306,-1.29024,-15.4361,-2.85324,-1.93165,4.95557,-0.505077,3.42567e-05,3.63765e-05,3.09518,-0.336778,1.33772,13.3171,0.221158,3.86398e-05,-5.87514e-05
2.03,6.18517,10.276,-2.09688,2.39845,2.07162,-1.22012,3.38086,-15.2753,13.9433,-18.8651,-13.2822,-0.000119756,0,-6.98225,10.1788,2.28585,-58.2419,10.4656,-5.09487e-05,0,-3.83584,-10.4985,-2.00191,-18.7729,-1.37803,-2.95386,3.8687,-1.43827,-3.79948e-05,-8.11083e-05,4.67759,-2.31679,2.39286,11.7479,1.98058,1.35101e-05,3.73763e-05
2.06,4.59054,9.87383,-1.21881,1.04851,2.43881,-0.757343,17.8371,-12.455,15.4753,-35.5002,-25.8596,-3.14618e-05,0,-4.02534,10.0196,7.63158,-34.367,4.27409,-7.33341e-05,0,-4.82289,-10.7074,-2.7618,-16.1585,-0.0297848,-7.07595,3.04037,-2.67716,-0.000196182,8.68784e-05,9.0787,-3.86936,2.50549,12.4969,1.50957,-1.57511e-05,0.000156034
2.11,-3.45564,1.72204,0.589947,-1.8331,2.11608,0.160339,45.2195,0.565812,1.19935,-51.2936,-35.9414,-0.000184041,0,-4.24039,3.57695,10.5669,16.4898,9.38403,6.80718e-05,0,-0.960566,-2.13822,-2.2214,-5.7558,2.60031,-11.7072,-10.388,-5.01539,1.26277e-05,-0.000162809,17.0623,-4.64983,3.09609,11.6239,0.375915,-0.000157526,0.00014602
2.16,-5.45048,-7.84618,2.82658,-2.73116,0.972048,0.811994,37.2581,15.2455,-9.43186,-16.7068,4.99696,5.65048e-05,0,-9.7517,-8.13628,-7.56688,32.5795,15.3937,2.001e-05,0,1.29214,8.71046,-3.54711,5.79178,4.40144,-2.07599,-28.3657,-1.52393,-7.8154e-05,-0.000165186,16.7265,-3.45649,6.11845,8.39807,1.94453,3.55794e-05,-0.000143697
2.29,-0.303153,-5.59975,11.7791,-0.311937,-1.45174,0.0503537,-22.767,5.50591,-18.3566,76.9956,17.9186,-5.46347e-05,0,5.92054,-5.98838,8.60834,-7.74794,-10.8808,2.40648e-05,0,-1.56798,8.12049,-7.03832,-4.68896,-5.33086,-0.588924,4.49659,2.52154,0.000105669,0.000105998,8.4674,-3.62055,1.31527,-0.0919145,-0.802719,-3.24699e-05,8.93378e-05
2.41,0.651969,6.85249,-7.23702,0.849911,-1.24236,1.19686,-21.0861,-2.8343,4.51694,35.7408,-35.4829,0.000221084,0,-0.830338,4.62567,-5.152,-1.86991,-4.11768,3.04691e-06,0,1.85902,-9.50854,9.80811,-3.05753,1.4903,-0.167011,4.04082,-0.0384555,1.35716e-05,-7.29348e-05,-3.86214,5.93281,-9.86484,2.04085,-3.77613,-5.11514e-05,-6.98109e-05
2.45,2.50777,1.26604,-6.46855,0.818817,-0.447351,1.47806,-19.2697,6.13095,4.35224,7.1091,-24.2226,0.000100392,0,0.850467,-1.67349,-0.102589,-7.62076,-7.87278,0.000146526,0,-1.68972,-3.66836,8.84806,1.54521,2.67851,0.115014,2.00132,0.567405,0.000149011,8.37087e-05,-7.84207,6.50177,-9.34915,4.08186,-4.01756,1.12072e-05,-9.16861e-05
2.48,2.32814,-3.09866,-2.37868,0.981575,-0.15942,1.33529,-10.8156,8.05175,5.9362,-34.7759,-8.04843,-7.32315e-05,0,4.10174,-6.36051,4.26214,-13.4943,-6.63518,0.000110653,0,-1.50656,1.96537,3.75436,4.30085,2.39585,1.58993,4.62057,1.17598,-8.06392e-05,0.00016491,-10.3546,5.70938,-6.16496,1.13815,-2.60268,0.000151936,0.00010638
2.52,3.65048,-7.48735,5.34953,1.50307,0.322284,0.705607,-5.37452,5.56195,15.4835,-81.2706,6.98123,-0.000214113,0,6.31915,-11.9864,9.72179,-20.8324,-4.62075,-6.4213e-05,0,-2.71197,8.68058,-2.38445,5.85297,0.388605,2.57545,7.43027,1.64008,-3.93647e-05,6.07166e-06,-12.959,5.09159,-1.30825,0.585234,-0.526397,-4.35365e-05,2.15215e-05
2.56,6.35628,-11.0078,2.46163,1.72968,1.32888,0.428637,-0.522317,5.68494,13.3443,-82.7577,5.21655,3.21462e-05,0,8.02052,-13.0485,11.2106,-27.6747,-10.973,0.000211039,0,-4.68062,12.954,1.52732,5.08306,-2.11448,3.00725,10.2862,1.85095,0.000160481,3.16452e-05,-18.6223,4.48934,-1.87844,4.86909,-0.215599,-3.62902e-05,6.87511e-05
2.59,5.38606,-11.7004,-1.58718,1.71579,2.42643,0.573157,-0.778558,8.30579,5.47018,-53.9223,1.36674,-0.000106636,0,13.1472,-10.9248,3.54759,-28.8333,-21.2934,5.31694e-05,0,-3.05295,12.402,2.7601,7.07824,-1.63233,1.98051,11.0076,1.51838,-0.000113185,0.000116852,-23.9866,2.6274,-4.3128,3.77133,-0.72443,6.3308e-05,-0.000150408
2.65,-2.4025,-9.71635,-2.96403,-0.727695,2.51782,0.324544,-8.15952,13.8616,-3.80372,20.7984,17.0078,7.33886e-05,0,39.6105,-6.06227,-8.71907,-42.2469,-53.833,-0.000106917,0,2.01082,9.19822,-1.64032,16.3712,-1.07212,-0.893225,8.13452,2.07146,5.3027e-05,-2.8515e-05,-22.849,-1.6511,-9.83546,-0.365078,-1.14008,3.9241e-05,2.76788e-05
2.69,-6.79627,6.20304,-0.0115872,-2.75525,1.03081,-0.251044,-8.38917,-2.64924,-6.60335,35.3839,20.0699,-2.81803e-05,0,41.6868,9.75143,-8.0876,-20.7819,-14.7813,-2.47163e-05,0,3.63657,-7.91777,-1.98844,15.7121,0.388498,1.3151,7.27928,1.04247,7.44298e-05,1.23359e-05,-4.55295,-0.265232,-1.67922,-19.7228,0.122354,1.54874e-05,-4.68904e-05
2.76,-5.70823,14.9568,1.59961,-2.07484,-0.884567,-0.757598,2.01279,-16.5933,-10.656,7.95395,-2.70324,-2.49992e-05,0,1.56441,18.958,0.861903,60.7423,82.5118,3.2851e-05,0,4.03343,-16.03,2.54828,5.05176,2.25723,3.71679,5.15126,-1.38414,0.000169232,-2.16798e-05,9.74439,0.0220128,8.12058,-30.3817,0.307714,0.000165439,4.1481e-05
2.83,-0.977965,-0.261996,-10.0038,0.597552,-1.24791,0.202511,3.55124,0.29667,4.67677,-3.29816,-6.43621,-1.40817e-05,0,-26.3106,-4.76763,-13.0768,82.4793,34.2247,0.000131284,0,3.00975,-1.86654,6.02932,0.819667,1.71983,4.87351,0.704385,0.762205,-0.00010967,-6.89984e-05,-5.28729,-2.6389,-4.66446,-14.5234,-1.55353,-0.000124712,-5.64824e-05
2.88,3.80196,-2.41605,-12.0856,1.36041,-1.58431,0.112202,-6.58975,3.44097,12.2662,1.24576,1.63454,0.000111093,0,-30.253,-10.5095,-14.9167,60.3892,-22.1095,6.81959e-05,0,-0.913271,0.59532,7.63301,-3.00114,-0.709357,8.11281,2.48455,2.01263,2.41347e-05,-1.04639e-05,-4.10584,-0.373269,-8.09083,-11.5882,-1.62274,2.3661e-05,-0.000121815
2.91,5.61203,-1.8528,-6.20878,1.10858,-1.65113,-0.622692,-8.81149,1.25405,8.7501,1.31835,1.79221,9.06521e-06,0,-27.5175,-6.18797,-7.87146,42.0125,-37.5285,3.92993e-05,0,-3.56689,2.03719,3.2568,-4.96832,-1.09897,7.72476,4.66163,1.05772,3.39619e-06,1.45357e-05,0.0349923,2.1131,-3.3688,-9.54236,-0.53405,-0.000101745,2.46867e-05
2.94,6.58577,-0.459623,1.35771,0.760169,-1.44168,-1.25439,-7.09314,-1.76075,4.23835,-3.59313,-0.731907,-9.50006e-05,0,-19.8042,1.49194,2.36824,12.6004,-40.6247,4.28292e-05,0,-5.13466,1.96481,0.396602,-7.54634,-2.06363,5.1087,3.88411,-0.245658,5.61129e-05,-3.71854e-06,4.08652,1.114,1.73689,-2.87917,0.642571,1.48118e-05,0.000146066
2.98,3.66635,-0.152253,7.27659,0.575401,-0.748736,-1.97853,0.648407,-3.98221,-0.158719,-10.9744,-4.48826,-8.22138e-06,0,-9.38086,7.8771,8.63554,-20.4728,-30.8115,0.000146086,0,-2.5661,3.23787,-7.42491,-8.56378,-1.74766,-0.648031,2.85179,-1.76131,-0.000180336,8.68761e-05,2.57237,0.99275,5.90127,9.63315,1.95429,-0.000125319,4.36442e-05
3.01,0.639562,0.725181,5.80129,0.551436,-0.155769,-2.09697,7.22731,-6.38109,-0.166346,-16.4626,-6.82352,1.28918e-05,0,-1.69781,9.55819,11.7105,-49.3231,-13.1236,-7.01423e-05,0,0.11724,2.34053,-7.12143,-8.76689,-0.446832,-6.14592,-2.38683,-2.4238,6.06095e-05,2.73744e-05,0.172031,0.793932,6.9142,20.4192,2.53305,2.2979e-05,3.58461e-05
3.05,-0.456554,4.01524,0.622327,1.02892,0.555228,-1.55066,10.079,-9.87956,4.00684,-19.1085,-8.32095,-3.63285e-05,0,-3.85589,9.16249,10.2995,-64.5251,8.25389,-0.000114203,0,1.30771,-2.90597,-4.07772,-10.2836,0.162128,-7.30338,-3.45861,-1.95421,1.41407e-06,-7.8769e-05,-0.223656,-1.08179,4.75738,22.6024,2.07194,8.97017e-05,-0.000254955
3.08,1.28955,6.44293,-2.76911,2.00504,0.852997,-1.23943,6.71732,-11.7702,6.08886,-17.7625,-9.00693,-5.49098e-05,0,-8.95161,8.09905,7.91664,-58.3652,14.6195,-0.000188129,0,1.13472,-6.50198,-0.455432,-15.6127,-1.65055,-5.01103,-2.15459,-1.39861,-9.52581e-05,-0.000113746,0.606017,-1.21718,1.62762,16.7375,0.821974,-0.000131839,0.000167154
3.12,4.63958,11.7575,-4.68108,1.46947,1.67349,-0.721045,10.208,-15.6981,7.48985,-26.4129,-21.1104,-1.78091e-07,0,-8.66114,10.0402,1.82591,-37.6216,3.88265,-0.000139762,0,-4.57936,-13.3262,2.17658,-18.9345,-4.16947,-3.23877,7.17371,-1.86837,-2.52702e-05,8.57884e-05,8.23731,-2.6528,-3.97826,9.62147,-1.94659,7.3685e-05,-9.73165e-05
3.19,-9.2567,8.29369,-5.79033,-1.72371,1.44969,0.178859,52.2565,-10.9476,0.856918,-50.3383,-54.1139,-8.11225e-05,0,2.77388,9.87435,5.32378,14.0405,21.1272,-0.000104728,0,7.17043,-10.0044,6.20574,-5.04292,0.419022,-9.60608,-21.2509,-5.84494,4.89638e-05,4.83359e-05,18.4645,-3.35318,2.77736,9.30108,1.61874,3.40473e-05,8.47856e-05
3.25,-5.57769,-10.8614,0.566259,-2.72346,0.659175,1.35255,33.5779,16.9712,-7.14185,-5.88775,22.6066,-8.52723e-05,0,-8.91811,-12.5574,-11.6272,31.4318,12.2659,0.000143287,0,2.33014,10.6051,-6.42383,9.8453,4.28991,-0.061126,-28.309,-0.274116,-9.35753e-05,-8.58474e-05,14.4059,-1.45283,8.20268,8.54825,4.21363,6.14445e-05,5.11687e-05
3.32,-0.775958,-7.04638,-2.6444,-1.51279,-0.749284,1.23806,-6.15057,15.6592,-3.43381,65.3974,77.4893,0.000123535,0,-1.87652,-9.35438,-12.4949,10.2185,-12.6725,8.27526e-05,0,-0.544984,7.16141,0.189113,5.80253,-2.19532,5.28704,-10.9766,3.75467,-5.40889e-05,-1.78134e-05,8.86467,-3.84773,3.78424,2.65134,0.76547,0.000133459,2.81735e-05
3.39,-0.971733,-2.80383,16.277,0.280701,-1.6416,-0.573321,-23.5433,-3.03325,-26.16,69.6124,-17.9509,-4.03821e-05,0,5.96179,-1.87241,11.1007,-8.80151,-4.98074,-7.50896e-05,0,-0.311385,7.03082,-7.21675,-10.6423,-5.37319,-8.97035,10.4561,-1.09767,-0.000138876,9.90185e-05,7.53978,-0.746836,-0.34652,3.20882,-1.08284,-7.14996e-06,0.000102967
3.44,0.28136,0.661501,11.525,0.72807,-1.85046,-0.0149349,-24.6908,-5.72315,-15.3129,52.3265,-31.6238,4.81512e-05,0,1.39445,0.752316,11.32,-6.33988,3.11857,-0.000128325,0,-0.475408,1.2649,-4.23579,-6.38011,-0.173743,-8.41592,5.27818,-2.53216,-0.000119186,4.45216e-05,2.2752,0.537655,2.97215,3.94666,0.846033,-0.000106626,7.00407e-05
3.53,3.68299,1.56715,-4.54823,0.651669,-0.330436,1.39759,-15.8638,3.52442,5.47642,-3.5317,-16.3829,2.14165e-05,0,-0.0183857,-0.913949,0.135622,-8.85694,-1.50538,4.27442e-05,0,-2.73844,-3.52355,4.81262,4.50046,4.55045,0.245956,1.10039,0.360969,6.624e-05,3.34571e-05,-6.69406,3.57653,-1.50475,-0.584009,-1.36214,9.41043e-05,-3.16412e-05
3.57,4.54326,-1.93283,2.1495,1.15057,0.473292,1.29331,-11.965,5.05156,16.0864,-47.7149,-18.2702,-6.4212e-05,0,2.49535,-7.07953,1.48495,-16.0522,-8.7284,-1.80033e-05,0,-3.14856,0.774695,1.87125,2.84191,3.81155,3.7145,7.64027,2.42832,-6.96206e-05,5.57175e-05,-9.37347,6.00032,-5.60913,-0.134238,-2.80656,2.83095e-05,2.54012e-05
3.6,4.33137,-4.45841,3.54051,2.14034,0.750428,1.1483,-6.86973,4.88331,22.606,-81.4223,-4.36979,-6.70308e-05,0,2.81685,-10.0288,3.17066,-16.7778,-11.8275,-0.000234101,0,-1.01579,4.06214,-0.908169,1.75291,2.40938,6.85883,11.3904,3.72979,-0.000175636,0.000181105,-14.6299,4.55656,-7.49433,-2.13017,-2.61064,-0.000233432,-0.000112738
3.63,5.8095,-8.22565,-0.583047,2.20102,1.315,0.99883,-2.78524,7.06716,16.2523,-82.1631,9.51194,-0.000162289,0,3.71756,-10.853,7.566,-20.799,-16.7326,-0.000283167,0,-3.0812,8.40153,2.30222,4.23982,-0.0195357,6.63289,12.7199,4.13867,-0.000203071,5.40116e-05,-19.5966,3.46193,-7.21595,3.68022,-1.82446,2.43259e-05,-5.63329e-05
3.68,3.32872,-9.78328,-4.16103,1.8461,2.4906,0.806259,-1.8061,7.89267,-0.0314348,-35.8328,10.3841,4.05443e-05,0,14.5873,-8.27335,1.2881,-26.2927,-27.3071,-8.91388e-05,0,-0.739338,9.27772,3.14275,8.23858,-0.527077,1.71913,10.6501,2.12554,-7.41616e-05,-0.000191425,-25.1962,2.03781,-7.31508,0.912012,-1.15087,-0.000146468,5.59729e-05
3.79,-3.91438,12.0691,-0.63033,-3.12311,0.198896,-0.942619,-6.75199,-11.0634,-5.03547,23.8852,9.85165,1.05962e-05,0,32.3382,16.4212,-4.04874,-6.90754,28.6124,1.8131e-05,0,-0.858963,-12.7908,3.28428,14.605,-0.264689,5.6263,4.80065,0.636027,7.84755e-06,9.93526e-05,6.23776,1.46262,4.89213,-23.5152,0.723561,0.000122451,-3.32396e-05
3.91,-4.02002,-0.0628891,-5.92506,0.569679,-1.47931,0.0868842,5.80496,0.204603,-0.0765079,0.037802,-5.49806,0.000134661,0,-18.4867,-3.9653,-11.9105,80.1403,16.1674,8.38764e-05,0,6.38473,-2.10858,0.401362,2.52716,2.13619,4.19442,0.982779,1.14004,2.7448e-05,-0.000119019,-8.08768,-5.51816,-2.04672,-9.6102,-0.398299,-3.58275e-05,6.5961e-05
3.97,5.75316,1.6016,-15.0738,1.49344,-1.51954,0.356582,-5.89541,-0.737127,15.0371,-5.76598,-2.24919,-2.56175e-05,0,-31.7295,-8.76207,-22.2871,55.7884,-51.0711,-0.000178154,0,-4.96079,-4.57767,9.43828,-1.28716,2.21394,1.17254,3.33045,-1.23451,0.000219112,-9.86574e-05,-7.56526,-2.67712,-7.17739,-0.914356,-0.945244,-4.67635e-05,5.09587e-05
4,7.89294,1.90918,-10.3291,1.60218,-1.41921,-0.0893373,-9.3871,-1.86348,12.4136,-4.03001,-0.0262342,6.50861e-05,0,-33.8265,-5.26754,-14.4083,43.1729,-43.0282,0.000215943,0,-6.51097,-3.97905,7.08458,-5.72883,2.46856,3.70033,4.29582,-0.959013,0.000119427,6.8934e-05,-1.83761,0.908618,-6.14422,-5.49334,-0.800144,-0.000193228,-9.1949e-05
4.04,12.9129,5.85112,-1.2641,1.13858,-0.580853,-1.29669,-15.3219,-8.50106,7.56091,-1.36402,6.63083,-3.64597e-06,0,-33.8993,6.43556,3.59521,12.1613,-26.5311,-6.87634e-05,0,-12.4526,-5.36614,3.81291,-11.3898,-3.57504,12.9135,9.77682,0.892516,-1.42921e-05,4.90328e-05,11.8329,4.42448,-8.40654,-15.1876,-2.23676,0.000126538,-0.000217432
4.07,6.19946,1.23531,4.59034,0.708736,-0.491161,-2.11436,-2.88602,-5.60575,-0.254976,-9.05339,1.70416,-0.000205299,0,-17.6161,7.2983,10.6181,-20.8642,-9.50769,9.84212e-05,0,-5.54674,1.6611,-5.89545,-9.76053,-2.96834,4.8836,7.92642,-0.5144,-9.49177e-05,-2.35146e-05,6.79903,4.19682,-2.34036,-1.96661,-0.672433,0.000145421,0.000111033
4.11,-1.71611,-0.91148,2.93245,0.908913,-0.0218349,-2.22163,12.0765,-5.5865,-2.72834,-20.4176,-8.60718,-3.16686e-05,0,-1.60124,6.42717,15.8175,-63.9045,2.40567,2.75885e-05,0,3.48765,3.80587,-7.03379,-9.59607,-1.17257,-8.56103,-0.182322,-2.85394,8.62147e-06,-4.6175e-05,-1.1376,1.12396,5.27517,19.4609,1.75703,-6.56563e-05,6.89497e-05
4.14,-2.28299,4.44582,-1.07646,0.985557,0.856207,-1.92145,19.139,-12.2353,3.37815,-32.9188,-18.2258,5.99434e-06,0,1.21499,9.85176,9.71198,-78.295,3.33251,-0.000246615,0,2.60144,-2.92887,-7.23638,-13.5158,-0.399362,-12.6083,7.46896,-3.80428,-1.9582e-05,-3.72864e-05,-3.43172,-1.27956,7.34966,28.8916,3.66627,-8.00147e-06,5.44513e-05
4.18,-1.9684,8.81977,-1.42999,0.900473,2.36795,-1.14896,25.7221,-13.285,11.0167,-41.5458,-26.0473,7.81384e-05,0,2.79635,11.2892,0.0562481,-60.2445,7.01288,-9.1704e-05,0,1.88983,-8.90918,-3.85721,-17.7142,-0.302385,-13.903,4.2686,-4.4395,0.000130627,-4.9418e-05,3.00067,-4.42423,3.16177,23.4447,1.85563,-8.08518e-06,9.048e-05
4.23,-0.235335,3.09591,3.01067,-0.113759,3.16344,-0.422517,31.3904,-0.587016,5.42103,-38.3557,-28.6493,3.63295e-05,0,-7.07035,4.97748,0.82708,-1.6256,12.0511,9.6282e-05,0,-0.634422,-2.16722,-1.42415,-14.184,0.000645114,-7.15433,-11.1912,-2.56663,9.84458e-05,0.000191801,14.7604,-1.83435,-2.50988,8.45684,-1.69734,-9.94543e-05,-0.000140656
4.34,-5.06486,-7.51165,-5.91349,-1.86564,-1.02473,1.82991,13.7576,17.3237,-1.02071,38.1855,72.459,8.78402e-05,0,-2.40901,-9.77049,-12.3157,17.3555,1.89302,-0.000147419,0,4.69411,6.35729,-0.540359,11.8691,3.87281,6.04077,-28.8049,2.10586,8.99966e-05,-0.00011951,8.72899,-2.54446,6.32261,5.84045,1.59916,3.09036e-05,0.000275334
4.47,-0.247114,-0.507293,12.2393,0.335273,-1.83011,0.0405319,-23.6775,-5.19291,-17.493,61.0678,-33.1427,0.000128924,0,2.44765,-0.393643,13.3874,-3.76388,3.1355,-1.03485e-05,0,0.0297184,2.76222,-2.05433,-6.91624,-3.76674,-7.96501,0.989533,-1.21842,-4.65602e-05,0.000280984,6.94053,0.082858,3.87679,3.22724,1.50507,0.000125184,5.56869e-05
4.5,-1.61116,3.19118,6.46977,0.400227,-2.04337,0.305923,-19.6907,-8.5009,-8.4242,48.208,-28.3825,-8.20868e-05,0,1.50367,2.3463,9.25184,-1.05311,5.41648,-5.21573e-05,0,2.01794,-2.25556,-0.0373408,-3.03348,-1.18371,-5.98512,-1.51249,-1.4693,-0.000181439,0.000158851,1.83832,1.08759,3.36068,5.04224,0.864199,9.63217e-06,3.55191e-05
4.53,0.644814,3.49662,1.06842,0.587856,-1.5752,0.772536,-21.5769,-5.48202,-1.80581,38.0776,-17.4247,0.000159261,0,-2.50986,1.90027,4.65597,0.81563,4.23573,-4.16976e-05,0,-0.277502,-4.00932,1.40587,2.1859,1.99921,-3.87928,-5.73218,-1.00179,-2.87308e-05,-0.000111312,-3.10877,1.66896,3.44531,5.25508,0.163929,-1.73621e-05,4.97647e-05
4.58,7.55513,-0.903737,-0.337576,1.04456,-0.0995919,1.52195,-25.5943,4.23102,-0.643065,7.16289,-16.2221,0.000112178,0,-6.82687,-4.71277,-0.56439,-5.59025,-3.59618,-0.000127022,0,-7.51489,-0.920769,2.24012,3.03208,3.9956,-2.46628,-3.13551,1.20634,0.000197954,-0.000127015,-7.66437,2.26373,-0.557894,4.33613,-2.19379,-0.000144074,-0.000208744
4.61,3.67429,-1.25015,-0.252044,1.04422,0.0714929,1.73299,-11.6393,5.6338,6.24525,-35.719,-9.67792,-6.63134e-05,0,2.49197,-6.2707,0.112548,-14.1407,-9.65324,0.000123351,0,-3.0102,-0.623882,3.09295,-1.16624,2.26832,2.9606,8.83534,2.39819,5.85382e-05,0.000116045,-8.45399,3.17749,-6.10007,0.0222305,-2.59948,-5.20992e-05,0.000159719
4.64,-0.328316,-2.92991,1.44736,1.09434,0.294383,1.54621,-1.5999,6.60857,16.6101,-73.3352,-0.23645,-7.72513e-05,0,11.6344,-8.52547,4.62905,-21.2177,-14.4495,-0.000203422,0,1.16111,1.57183,0.991154,-0.74616,1.25554,6.61774,17.1457,3.09766,-3.11567e-05,0.000104206,-10.443,4.27513,-8.28973,-0.833411,-2.28428,-4.34956e-05,0.000108832
4.68,0.625289,-6.96406,0.335053,1.47317,1.16492,1.18438,6.33557,7.18001,13.1393,-87.9846,9.25989,-8.5549e-05,0,15.9797,-10.3127,10.5867,-30.7676,-21.764,-5.53112e-05,0,0.637566,6.37752,1.73429,1.01214,-0.220614,8.14921,19.3418,3.81918,5.94819e-05,0.000120637,-18.0883,2.83314,-8.12162,5.32583,-1.04109,0.000175386,3.27698e-05
4.72,1.37358,-12.2792,1.16508,1.81455,2.3805,0.685063,1.72353,9.32905,0.660776,-50.0808,7.37271,-6.03952e-05,0,23.1994,-13.7793,-0.459008,-37.391,-42.3459,-4.79233e-05,0,1.68361,12.8443,-3.20678,6.84765,-0.356783,3.9618,14.5211,3.9824,-7.1151e-07,7.95006e-06,-26.4895,-0.9483,-8.92254,5.16476,-0.533658,5.65487e-05,-7.0257e-05
4.79,-2.14516,-3.16481,0.247599,-1.50112,1.71626,-0.0967435,-8.84434,5.68555,3.18431,24.8319,19.2432,5.71703e-05,0,40.4683,1.71617,-1.95331,-37.0292,-29.6012,-0.000146003,0,1.26925,2.67155,-0.126906,14.2831,-0.135931,-0.642892,7.97168,0.528274,-0.000194411,-3.40606e-05,-7.7563,0.786231,-1.72703,-15.7384,0.0582746,-0.000151139,-8.52743e-05
4.84,-5.02819,14.6482,-2.42374,-3.36339,0.080819,-0.949228,-7.05791,-12.9112,-5.86457,27.8768,11.6289,-3.12777e-05,0,27.5042,22.9751,-3.71391,9.69148,50.0188,6.18924e-05,0,0.059542,-15.776,5.08052,13.7419,-0.0552352,3.64149,7.12242,-2.27468,0.000104434,-2.91169e-05,9.5439,1.93437,6.20339,-27.4674,0.401703,9.83105e-05,5.01697e-05
4.89,-3.63517,12.501,0.0387874,-1.82666,-0.647672,-1.17658,-2.32267,-13.9502,-17.3903,12.0185,-5.56975,4.86703e-05,0,-3.20705,20.4995,-1.92951,65.9534,85.3708,-3.33403e-05,0,1.89894,-12.687,3.24662,7.48947,-0.205835,4.97268,1.80463,-1.63918,0.000174291,-0.000234858,6.64923,-1.10385,6.80913,-23.2396,0.155493,0.000179485,-0.000186252
4.96,-3.14048,-3.40387,-6.58226,0.089987,-1.60504,-0.163585,6.69663,2.08397,1.13754,-2.71971,-4.62288,1.28991e-05,0,-21.5398,-7.80996,-10.4806,78.9368,5.39126,-4.95653e-05,0,3.94021,2.66794,2.46805,5.24393,-0.400521,2.54708,0.909646,1.06448,-4.00801e-05,-1.14485e-05,-7.71469,-3.18742,-1.74471,-4.24258,-0.224918,-4.01321e-05,0.00030075
5.02,2.67021,-1.10934,-10.8579,1.19674,-1.97592,-0.144809,-3.89614,1.77956,12.6139,-2.02254,1.54871,-2.75029e-05,0,-27.5984,-9.77322,-11.4353,50.2812,-33.2725,0.000159205,0,-1.36003,0.0610436,7.08955,-0.722596,0.610138,3.90624,1.46646,0.152754,-4.25991e-05,-7.03907e-05,-5.49996,0.990947,-3.35679,-3.25311,-0.34014,-3.14512e-05,-4.28284e-05
5.06,6.89927,2.46131,-4.70505,1.77453,-1.3495,-0.594001,-9.21427,-2.83677,9.87202,-3.41207,0.950096,6.1765e-05,0,-30.3562,-1.48594,-3.92206,27.4239,-25.877,0.000108581,0,-3.92345,-2.94374,3.33383,-7.2299,1.06291,7.22886,2.11075,0.372951,-7.94517e-05,9.66035e-06,0.2607,2.33823,-3.51215,-9.25143,-1.06239,-7.18714e-05,-9.27462e-05
5.09,9.97268,6.5349,-0.703882,1.19866,-0.497568,-1.86721,-9.82594,-10.4423,8.3187,-7.20738,2.14007,-0.000116467,0,-27.7544,8.18397,3.67474,-2.1103,-22.1659,0.000130469,0,-8.70818,-4.2656,0.414941,-8.25116,-3.65237,10.9302,5.23525,0.769121,7.39102e-05,6.84154e-05,5.9472,5.5886,-4.41355,-10.583,-1.37028,2.6197e-05,-0.000105895
5.13,2.40006,1.3169,3.04876,0.702622,-0.170433,-2.04865,4.8444,-7.09621,-0.13032,-15.5149,-4.36901,3.31973e-05,0,-7.36489,6.46564,8.69763,-49.3202,-9.39165,-0.000306686,0,-1.11991,1.35825,-5.61261,-7.91249,-2.66601,-0.904754,2.53206,-1.05022,-1.74664e-05,2.41238e-05,0.260279,2.57658,-0.0460488,7.75576,0.0594305,4.66742e-05,0.000155866
5.17,-1.73018,0.102025,-0.0911374,0.75231,0.353615,-1.56437,14.8052,-6.8608,-0.470339,-24.5825,-11.7405,-0.000121019,0,0.820261,3.54645,6.94827,-75.8649,0.624369,-0.000277439,0,2.69917,1.22343,-6.03641,-11.1582,-1.36581,-7.76443,6.0536,-1.92008,-5.32687e-05,-0.00020938,-3.81905,1.64755,3.26133,22.5095,1.66584,0.000238211,-0.000158794
5.2,0.0518628,7.13067,-3.69773,0.991566,1.47576,-1.02583,15.9745,-13.6416,3.61054,-28.7334,-18.3317,-0.000153355,0,0.13336,7.62555,-10.8259,-69.8509,2.0877,-7.83223e-05,0,0.374173,-7.71669,-2.69876,-20.1066,-4.39233,-5.46533,19.5737,-2.54893,-5.17515e-05,0.000216723,-1.08573,-0.550112,3.09234,23.6177,2.50773,-0.000120653,4.26787e-05
5.24,1.34933,7.12238,1.22964,0.861695,2.67712,-0.585572,19.5629,-8.17502,6.82,-31.934,-21.2748,9.7336e-05,0,-0.708681,7.53939,-5.80824,-38.6832,5.98072,0.000129874,0,-1.09941,-7.73299,-5.05067,-19.1645,-0.76219,-9.5064,5.15803,-3.78682,9.54096e-05,-5.06102e-05,6.9145,-3.3127,1.9297,13.4561,0.91728,5.1762e-05,-0.000229673
5.29,-6.75109,4.70108,1.10216,-1.02915,1.93847,-0.420982,44.2827,-5.62568,-2.39038,-43.1461,-50.708,-4.87022e-05,0,-1.53859,8.88877,9.32528,15.3463,19.0423,-2.7646e-05,0,5.51527,-3.67549,-0.454616,-13.1729,0.949765,-17.0687,-8.69695,-8.98755,7.88196e-06,6.65521e-06,16.084,-5.00156,3.45422,7.56061,0.45396,-2.21009e-05,-8.28296e-05
5.4,-0.596658,-6.4509,-1.78665,-1.70687,-0.560962,1.55766,0.147399,15.2251,-0.495666,51.2686,71.6223,-7.84666e-05,0,-5.46345,-9.01273,-13.9059,12.8605,-5.93802,3.92393e-06,0,-0.729554,5.25799,-2.56546,8.70652,2.13391,8.21753,-25.967,5.11772,0.000219119,-0.000131396,11.8603,-5.56438,1.57567,5.3444,0.287231,0.000235382,0.000167682
5.61,7.06514,-3.5053,1.17333,0.83033,-0.376038,0.908034,-27.9,4.63964,-7.31616,21.6514,-26.8309,8.173e-05,0,-6.68936,-5.52673,10.8118,-5.82277,3.95509,3.22074e-05,0,-7.45792,3.61056,4.40344,5.84711,2.28961,-9.15106,-13.5857,-1.95463,0.000223396,9.95121e-05,-2.12273,6.34342,0.85048,3.69352,-1.01694,5.8099e-05,9.23044e-06
5.7,-2.4114,-0.911211,2.95304,1.92184,0.174365,1.28958,1.83213,1.3348,25.78,-77.9051,12.7455,-1.28469e-05,0,11.2479,-7.84326,0.626616,-18.5372,-12.2446,4.93454e-05,0,5.8622,0.569554,0.992388,-6.94577,0.233877,15.6755,24.466,6.34085,-1.50842e-06,-5.2018e-05,-16.3185,7.38063,-8.29883,3.89262,-2.59396,-5.53071e-06,-6.39803e-05
5.74,-0.490456,-3.33675,0.0201675,2.16838,1.0786,1.01305,3.02918,1.9201,21.1874,-71.8491,14.7387,-0.000193411,0,10.2825,-6.65125,3.26852,-18.7962,-17.0896,9.40639e-05,0,4.10826,2.76435,-0.192027,0.18235,0.599187,14.2403,23.7067,6.76602,7.58841e-05,0.000129977,-26.0164,3.4386,-6.45302,11.976,-1.34219,-0.000117997,-3.91323e-05
5.79,3.40675,-14.4347,2.01214,0.41852,2.73699,0.252965,-4.35894,12.2303,-2.60412,-25.4234,8.44853,-0.000155588,0,24.3368,-14.1887,-1.103,-40.2364,-40.8489,-0.000107568,0,-4.98301,15.3589,-5.88349,16.3358,-1.56042,3.05772,13.6751,4.6107,-3.75464e-06,3.82074e-05,-28.4838,1.85707,-8.47675,13.2669,-1.2813,-7.891e-05,-9.21839e-05
5.86,-3.42093,0.756071,0.166308,-1.86907,1.34656,-0.36722,-7.64901,1.46897,-10.6768,26.7223,16.4281,8.59371e-06,0,39.4363,5.26236,-5.02383,-31.3901,-17.2638,0.000134442,0,1.53838,-1.41968,-0.130044,15.7466,0.0596843,0.936074,8.24161,-0.343613,-4.73712e-05,-1.88513e-05,-3.33058,2.95597,2.98257,-26.2399,0.576974,2.4504e-06,0.000220858
5.93,-9.76164,12.6778,7.64786,-2.18104,-1.44153,-1.3015,0.0347827,-11.9696,-8.73005,22.2243,3.01631,-0.000204338,0,18.7496,20.1026,4.83745,39.3524,91.7796,-0.000141681,0,10.1169,-12.6671,-4.10534,8.08946,1.58645,7.63659,5.05289,0.265674,0.000138861,4.01702e-05,11.6437,-1.30689,15.8597,-40.0271,2.07632,0.000210749,3.42063e-05
6.04,1.10237,-0.283169,-13.5821,1.05405,-1.35523,0.142947,0.954556,0.294357,6.88153,-5.39512,-0.215467,-3.12116e-05,0,-25.9785,-8.47855,-19.3809,68.3958,-16.1237,0.00026212,0,0.0355848,-2.21783,5.42299,3.1539,-1.85009,1.92853,2.70193,0.132949,5.44983e-05,0.000235452,-9.3108,-2.22636,-9.2262,-10.6199,-1.6095,-7.39855e-05,4.8317e-06
6.09,5.97114,0.515887,-8.89699,1.54387,-1.37062,-0.223025,-9.47087,-0.445712,10.4137,0.957344,1.66368,-6.43385e-05,0,-28.7568,-7.30243,-10.6595,44.1796,-38.7669,0.000142856,0,-4.26715,-2.16723,3.26544,-3.36421,0.0241636,-1.41046,4.67605,-2.26185,-1.55194e-05,6.7691e-05,-2.74925,1.20014,-9.33482,-13.6274,-1.68331,-4.33155e-05,9.20421e-05
6.14,6.65012,1.67207,3.46144,1.25976,-0.99689,-1.48077,-9.90619,-2.93793,4.62622,1.45098,-0.460687,-9.44125e-05,0,-21.9465,3.35697,3.59487,10.6285,-29.9768,7.00549e-05,0,-5.03621,-0.224827,-2.77615,-10.1587,-1.44456,-2.10762,6.69954,-2.6576,3.26076e-05,-2.25141e-05,5.86082,2.94283,-5.67217,-9.61688,-2.10992,0.000176334,-0.00017359
6.17,4.07377,1.49376,6.85327,0.788335,-0.653516,-1.97691,-2.1362,-4.37259,0.337704,-6.54542,-3.28327,-0.000214741,0,-10.6727,7.74128,10.6467,-21.6192,-17.7864,-6.9573e-05,0,-3.4432,0.990807,-2.99936,-11.3321,-3.54569,-3.67901,3.56182,-2.4332,6.72955e-06,-0.000202242,6.31848,0.239092,-1.97952,4.97867,-0.95131,5.36305e-05,-0.00026327
6.2,0.887021,1.16252,3.56732,0.866081,-0.161096,-2.11527,7.62919,-6.691,-0.726778,-18.5416,-6.67243,-2.27371e-05,0,-4.06001,8.11033,14.7329,-50.1269,-3.90696,-0.000172714,0,0.260676,1.39036,-2.96759,-11.9434,-1.42668,-4.84586,0.673228,-2.11245,5.61587e-05,3.26346e-05,1.28521,1.29973,2.79679,21.1548,1.42211,4.68843e-05,-4.0757e-05
6.24,0.510603,4.1235,-3.03671,1.20996,0.697086,-1.7949,13.8382,-12.5184,3.87591,-29.5882,-12.1252,9.47684e-05,0,-5.08088,7.92839,15.3052,-70.8527,8.96717,-0.000302932,0,0.448368,-2.6536,-0.318549,-14.3881,0.417889,-4.54994,1.67633,-2.07631,4.93865e-05,0.00014682,-1.5219,-1.02673,5.21472,32.137,3.41948,-0.000122135,0.000103448
6.28,1.66186,8.00662,-4.17904,0.997955,1.96952,-1.12195,18.0642,-14.7655,9.94232,-36.3289,-17.8073,-4.16318e-06,0,-6.58254,7.87649,-0.283984,-55.4852,7.60855,-0.000261342,0,-2.32087,-8.19742,-1.57836,-16.6159,1.9738,-3.8714,3.44424,-2.3333,0.000262538,1.23978e-05,2.0076,-2.90168,1.80662,25.1242,1.64625,-0.000133562,0.000214034
6.31,0.815828,9.53334,-3.25559,0.96486,2.75456,-0.557785,24.406,-13.606,9.15926,-39.4405,-28.8781,-2.80629e-05,0,-7.30954,8.0344,-10.7633,-28.0947,5.74041,-6.10384e-06,0,-0.944295,-10.8334,-0.0666378,-19.9397,2.01415,-4.88231,-0.349025,-3.77995,2.93784e-05,-0.000103398,8.33943,-3.18934,-3.3304,14.2048,-1.79521,0.00014257,0.000108731
6.37,-8.66742,7.45347,-6.67746,-1.95799,1.56498,0.33107,53.0518,-8.74123,3.07699,-46.857,-47.9515,-2.6229e-05,0,-2.53015,8.83689,-6.45367,25.2238,17.9855,7.31155e-05,0,6.62826,-8.63802,2.72435,-4.1953,7.22732,-6.29212,-22.0509,-5.80037,-0.000363037,4.26058e-05,17.475,-1.93521,-0.517697,9.35784,-1.86044,0.000116252,-0.00011336
6.43,-6.90516,-7.17449,-3.90051,-2.25283,-0.436058,1.45997,28.2935,14.905,-2.96284,13.2045,47.2691,-6.9783e-05,0,-4.53081,-8.25727,-3.21167,26.968,10.8187,8.96449e-05,0,5.88899,6.34329,-1.71284,9.07669,5.6641,5.14783,-31.0546,1.73496,4.09985e-06,9.84289e-05,13.5299,-3.29582,10.7128,8.80256,4.60818,2.11076e-05,-6.66059e-05
6.49,2.0175,-12.2557,0.541335,-0.562824,-1.169,0.870508,-13.6614,18.9569,-10.9144,69.1678,71.9731,0.000190518,0,-3.99741,-12.2722,-3.54039,4.77439,-10.5219,-1.52541e-05,0,-1.82369,13.6501,-1.89767,1.90663,-4.12994,6.67219,-11.9373,5.13316,0.000107151,-0.000154951,9.47214,-2.86363,8.20058,-2.13617,3.60702,0.000180396,0.000112127
6.55,0.474707,-2.2662,10.2829,-0.0962272,-1.52417,0.46444,-24.0665,3.49201,-14.5889,72.2336,-3.72426,0.000155107,0,5.78833,-2.04965,6.0571,-8.69595,-4.81036,0.000146304,0,-1.24699,3.32155,-1.37507,-7.89315,-4.15879,-2.09798,0.543532,1.09907,0.000181979,0.000187715,11.6269,-4.45645,2.57897,1.72395,0.917705,-3.52264e-05,-7.39089e-06
6.6,-2.23176,4.26983,8.79391,0.359148,-1.84258,0.503119,-21.8784,-7.28799,-9.37096,57.609,-30.4194,-0.000199678,0,5.95705,3.2082,9.19865,-7.52833,5.23841,4.91557e-05,0,2.43275,-3.90157,0.616866,-6.00131,0.643988,-3.91433,-3.26293,-0.898081,-0.000120771,8.32024e-05,5.39084,-2.40064,3.67624,6.84972,1.28522,-1.17728e-05,5.37538e-05
6.64,0.187203,3.33903,3.65342,0.699557,-1.3535,0.65701,-24.5427,-5.06062,-7.01144,45.0452,-24.0666,9.17124e-05,0,1.34713,1.34045,6.05124,-6.06183,4.4434,-8.14351e-05,0,0.410492,-3.35242,2.08638,-0.333556,2.04193,-2.50403,-6.09611,-0.157932,-0.000124472,-4.55733e-05,-1.23157,0.229755,3.40342,6.83955,0.93468,8.26067e-05,2.34074e-05
6.67,4.58824,-1.00959,1.09912,1.03317,-0.626745,0.760007,-25.2753,1.22752,-5.76699,22.5133,-22.7032,0.000194044,0,-3.77585,-3.87792,4.20677,-6.56425,0.654196,2.84525e-06,0,-3.90062,1.4317,0.857247,3.87248,0.562123,-2.23452,-6.2047,0.761039,-2.92597e-05,-3.49626e-05,-6.47118,0.975515,1.23266,5.41957,-0.190583,0.000120218,-3.24191e-05
6.7,5.30676,-3.53166,0.670543,1.12539,-0.0273601,1.3916,-19.8195,6.38092,0.04168,-8.23517,-18.6398,0.0002182,0,-2.94139,-8.15006,2.62857,-8.35131,-4.06313,1.64111e-05,0,-4.62904,2.63887,2.28066,3.84122,2.70747,-1.01506,-1.34378,1.69376,1.31859e-05,-0.00011699,-8.60559,3.51903,-4.39448,5.26751,-2.02877,5.33914e-05,-0.00010591
6.74,5.05893,-5.66913,2.8864,1.52381,0.426651,1.31294,-8.17398,6.7696,18.3118,-66.4581,-7.16969,-5.33651e-05,0,1.08172,-12.3643,5.40976,-14.8137,-9.42437,8.48948e-05,0,-3.28296,5.18823,0.280552,3.24784,0.614708,0.472411,8.17325,2.18452,2.55938e-05,2.7424e-05,-13.408,5.84399,-10.2264,5.71655,-3.6911,-7.61371e-05,-0.000106568
6.77,4.71507,-5.51905,2.17899,1.84575,0.647847,1.21255,-0.199798,4.68477,21.5098,-93.881,5.43803,-0.000345715,0,4.28728,-11.252,8.45828,-18.8188,-13.8365,-1.90477e-05,0,-2.11574,5.17018,0.25974,3.41815,-0.231724,2.09851,15.0727,2.73235,7.645e-05,3.67836e-05,-17.878,5.49483,-12.0043,7.85483,-3.87495,-6.67437e-06,0.000181799
6.82,3.64422,-8.28964,-2.27785,1.24624,1.97483,0.62918,3.12362,5.11914,2.4349,-64.6771,11.9531,-0.000143507,0,17.2969,-7.69726,5.59208,-33.0223,-27.2801,-7.79861e-05,0,-2.25608,8.70256,2.30956,9.33923,-4.81946,3.49855,19.1293,3.33156,1.38932e-05,-1.88582e-05,-24.0518,5.17439,-12.8339,7.12532,-3.22292,2.07869e-05,5.30262e-06
6.87,0.158615,-10.5764,-1.9996,-1.02249,2.50511,0.0247551,-4.15594,12.248,-4.57012,1.44268,17.5446,0.000121218,0,40.4223,-5.67855,-2.37699,-51.9486,-45.1516,-6.42143e-05,0,-1.98009,11.1813,2.14148,17.7437,-6.05574,2.77031,14.1547,3.32185,6.45416e-05,3.04106e-05,-18.0933,8.05863,-8.77876,-3.3422,-1.93656,6.8504e-05,5.50122e-05
6.97,-12.9407,6.95885,7.74716,-2.74267,-1.21647,-0.879961,3.68208,-6.09901,-5.33,22.1804,10.0064,7.36898e-05,0,26.9913,14.4145,7.65519,32.1775,85.2924,0.000177466,0,11.9949,-7.76122,-5.2402,11.3501,0.884506,-2.72913,4.06205,-4.33751,8.4532e-05,2.44447e-05,7.31007,1.4132,14.5727,-34.1776,1.82044,1.80806e-06,-8.92381e-05
7.04,-3.30851,7.62659,-7.16932,0.00913309,-0.651417,-0.061076,1.61116,-8.71705,-5.93492,3.62503,-10.6313,4.06124e-05,0,-21.0253,7.34984,-10.3642,87.0643,40.8345,8.41223e-05,0,3.82166,-9.69939,1.34025,6.71842,2.84897,-1.12747,-0.285352,-1.48139,-3.63026e-05,5.14613e-05,-4.29165,-5.23129,2.26687,-23.6491,0.277207,-3.34892e-05,-7.05953e-05
7.08,3.29184,5.38363,-14.2463,1.17255,-0.606989,0.317348,-6.31629,-4.98904,7.5375,2.36229,-8.11577,1.00319e-06,0,-34.1969,-2.09825,-19.8903,80.7466,-11.2362,-2.33166e-05,0,-2.75603,-7.85414,8.01825,2.65623,3.65407,-0.145336,0.334881,-0.455884,-4.46802e-05,-1.4154e-05,-5.26392,-1.71959,-4.75972,-20.7179,-0.41998,3.26001e-06,9.5606e-05
7.13,6.18138,0.662073,-10.5378,1.27227,-1.46714,-0.228588,-10.4937,-0.866254,11.9656,2.60381,-0.935811,-5.68357e-05,0,-31.5302,-7.87253,-11.172,50.975,-32.2026,0.000104626,0,-5.19778,-1.00503,9.38638,-4.32535,2.72169,1.00791,4.37916,-0.910912,-5.32501e-05,-7.5375e-05,0.741319,3.61964,-2.85966,-16.0813,0.503331,4.44971e-05,-2.27029e-05
7.16,4.74783,-2.88152,-3.24936,1.21299,-1.83865,-0.659182,-7.23041,1.26306,6.42852,0.201389,1.0937,0.000115434,0,-26.0443,-8.06532,-2.27214,33.7475,-26.8972,0.000116761,0,-3.14884,3.9303,3.49376,-8.30741,1.60213,2.81351,8.24594,-0.695887,-5.89197e-05,0.000207249,2.92266,3.21743,-1.58802,-11.4705,0.853857,5.03169e-05,3.21048e-05
7.2,3.67622,-1.84285,3.91764,0.716726,-1.47425,-1.71501,-0.08636,-2.93237,0.481263,-8.73066,-0.307909,-0.000142231,0,-15.4953,0.993629,4.38233,-2.89677,-20.3928,0.000195014,0,-2.13457,5.00086,-2.0844,-11.6041,-2.51245,5.58707,11.3555,0.384677,0.000107445,0.000106907,4.09072,1.50739,-1.93407,1.60257,0.139047,-9.15938e-05,-7.31367e-05
7.23,1.85565,0.761183,3.95213,0.512633,-0.748025,-1.92493,6.85568,-7.04252,-0.964534,-17.6527,-2.82207,9.51635e-05,0,-8.17734,6.96741,5.16883,-33.2865,-14.577,-4.25739e-05,0,-1.20005,1.73493,-4.30402,-13.039,-3.36313,6.78672,10.7858,1.20163,-2.76849e-05,-2.8297e-07,1.29425,0.0770327,-1.12255,15.318,0.308925,4.28032e-05,-3.64211e-05
7.27,1.79446,7.73219,-1.70246,1.09334,0.576834,-1.75726,10.4198,-16.3666,2.72998,-25.6651,-7.01051,1.98489e-05,0,-6.871,12.8602,1.22245,-64.5597,-2.47374,-0.000151511,0,-1.99632,-7.06779,-1.28814,-19.4944,-6.86264,8.09173,16.9178,0.898217,5.57045e-05,1.08801e-05,-0.75278,-1.87766,0.469124,26.6086,1.50449,8.45064e-05,2.18342e-05
7.3,1.7007,9.07251,-1.74771,1.56354,1.28581,-1.56925,11.6139,-16.5095,7.08019,-27.4173,-11.1229,0.000183655,0,-5.15047,12.8195,0.0260653,-71.5364,5.55287,-0.000110706,0,-1.38629,-8.93915,-4.25657,-21.0296,-2.53452,2.65081,12.2132,-0.844003,0.000181786,-0.000223874,-0.56686,-2.44052,1.39376,27.8686,1.3999,1.08857e-05,1.029e-05
7.34,1.59393,7.93637,1.95366,1.26834,2.26378,-0.965746,17.0149,-10.8922,11.1498,-31.6121,-17.3561,-0.000143391,0,-0.241757,8.40986,2.19043,-53.493,6.75679,-1.63061e-05,0,-1.27996,-8.53124,-7.94714,-17.4842,1.4194,-6.64934,-1.16387,-2.61151,-1.62047e-05,0.000109715,5.22872,-5.32489,0.603879,19.2922,-0.216853,4.97613e-05,5.20773e-05
7.48,-4.70982,-7.13057,-2.14193,-2.3499,-0.202277,1.1209,26.1637,11.8082,-10.3174,8.40954,36.3152,-9.39675e-05,0,-8.75412,-8.65864,-9.1301,27.2463,12.0664,-5.99869e-05,0,2.37209,6.68913,-0.0113211,6.53259,1.81333,3.49927,-31.8196,0.822997,1.47175e-06,-4.78249e-05,15.4951,-3.66143,3.54587,9.80319,2.17656,4.15652e-05,0.000116408
7.53,-7.3062,-1.20871,-8.10345,-1.26624,-1.56188,1.24656,5.90281,7.60122,-2.15917,56.6291,81.5884,0.000165638,0,-1.40615,-2.95642,-14.9869,19.2594,-0.435776,-1.30477e-05,0,8.95638,0.322949,7.7543,8.2087,0.694518,2.23997,-34.4423,0.801528,-2.08509e-05,-5.55992e-05,6.4098,-4.5506,0.721061,16.0779,2.4464,0.000203353,7.99667e-06
7.6,-1.0103,-1.02955,9.39134,0.649035,-1.52357,-0.0293739,-24.6811,1.11573,-14.246,76.7638,1.45378,0.000151262,0,4.91643,-0.269981,7.71393,-5.86544,-6.69473,-4.50346e-05,0,3.7431,3.48346,1.78004,-8.28354,-4.8721,-10.5459,-9.70353,-0.871608,-1.02402e-05,0.000181166,-3.64243,-1.1425,-5.73734,38.6579,0.280046,0.000143218,-1.30434e-05
7.65,5.6432,-2.14667,11.984,1.1365,-1.39727,0.111346,-34.6601,-1.17496,-17.3695,62.5799,-38.4671,0.000116025,0,-2.08954,-2.37636,14.1881,-11.6259,0.502054,-6.22074e-05,0,-4.86451,3.61276,-5.05002,-6.50813,-0.517424,-14.3298,0.0915797,-1.38675,-4.13317e-05,-0.000235586,-17.8378,1.37246,-10.3089,62.671,-1.72735,8.37937e-05,6.29008e-05
7.68,5.5527,-0.112468,5.69187,0.74302,-1.34847,0.785793,-30.6486,-1.01589,-12.4087,48.8918,-38.4702,-0.000165538,0,-2.79365,-1.65667,8.32829,-9.31433,1.12823,9.01963e-06,0,-5.7284,-0.703482,-4.03327,-1.45132,2.55236,-8.28755,4.25051,-0.248956,-1.2741e-05,-0.000145973,-12.9246,3.13632,-9.54398,49.9285,-3.31423,-1.46021e-05,8.22342e-05
7.72,2.44705,2.62735,-3.87538,0.680251,-1.02761,1.41215,-21.1518,2.27098,-1.65607,25.7287,-23.2313,-2.20888e-05,0,-0.394188,0.253495,0.799841,-6.47246,-1.87834,0.000115628,0,-1.81975,-5.26656,1.12244,3.3124,2.56505,0.795722,4.94167,0.878118,-1.97364e-05,8.13798e-05,-2.59797,3.98646,-2.43463,19.7726,-4.24958,-1.33898e-05,-3.21453e-05
7.75,0.658886,1.89411,-5.91357,0.737918,-0.612884,1.70017,-12.4236,5.49761,6.32145,-5.47913,-10.1863,-7.5379e-05,0,3.00863,-1.47796,-1.53883,-8.15127,-5.55395,-1.698e-05,0,0.616567,-4.56823,4.12017,4.16845,1.33338,6.53669,7.65444,1.58842,-0.000153164,0.000172359,7.82599,3.83852,4.80653,-5.23187,-3.18388,-0.000102362,-8.67137e-06
7.78,1.23813,-2.0913,-1.59981,1.20003,-0.0589555,1.37585,-6.42228,6.37069,14.8869,-48.4383,-0.642691,0.000168559,0,5.26607,-6.9758,1.91997,-14.2675,-8.1747,8.37537e-05,0,0.628814,1.09465,3.37005,2.88495,-0.47998,9.69612,11.8913,2.40666,-4.66949e-05,4.97412e-05,13.2187,4.61679,12.3397,-21.3227,-1.22609,8.65474e-05,-0.000193982
7.82,5.34907,-7.75067,4.87039,2.04787,0.678502,0.679513,-3.98646,4.52656,17.6679,-92.2897,6.8131,-0.000102591,0,4.69251,-13.2738,9.82966,-22.5465,-10.3057,-0.000119564,0,-3.08171,9.07535,-0.693562,3.84778,-1.59306,9.42778,16.8608,3.61651,8.10123e-05,-2.87615e-05,8.88706,5.96216,15.0182,-21.3799,-0.929164,-2.02616e-05,-7.72912e-05
7.86,6.91522,-10.6631,3.9901,1.94683,1.88549,0.187716,-3.49014,3.73908,7.46066,-74.2324,4.44463,-4.08979e-05,0,8.8037,-12.956,11.2707,-28.4283,-16.757,0.000193494,0,-5.56019,13.193,-0.0582517,8.45668,-1.9077,7.34335,15.9737,4.63214,0.000141918,-0.000117739,-0.752509,7.45062,10.0098,-16.2805,-4.4708,0.00014661,-8.46716e-05
7.9,3.38944,-13.0392,-0.97465,0.174377,2.76254,0.263447,-1.69217,9.92766,-1.24468,-28.843,6.98453,1.25051e-05,0,27.8514,-11.6943,-0.936381,-43.1098,-38.8266,6.59707e-05,0,-3.74892,14.36,5.96937,15.2617,-1.39521,6.2216,12.4576,5.30143,6.24411e-05,7.4826e-05,-4.19811,10.1373,12.9005,-21.0685,-11.3192,-4.31102e-05,7.07931e-05
7.97,-7.78021,1.72996,-2.32024,-2.81102,1.15052,-0.302379,-5.32171,2.62174,-5.21726,34.176,17.9174,-3.15198e-05,0,43.7806,7.71804,-5.37357,-24.3834,-13.8005,-7.62612e-05,0,5.48164,-2.21663,8.02932,16.7224,-0.487592,2.08922,8.63446,0.752113,-0.000188994,9.47489e-06,0.999644,4.87018,14.2016,-32.6959,-3.53008,3.47379e-05,0.000101155
8.05,-3.62553,13.7637,-1.47581,-1.61891,-0.709554,-0.794457,-2.84919,-14.9115,-10.5139,12.4322,-6.73777,7.6231e-05,0,-5.41022,21.1412,1.19496,67.9269,91.2406,0.000135702,0,2.20703,-15.0081,-3.40931,12.9462,0.720255,-0.125014,5.10162,-2.6192,-0.000102513,-1.44536e-05,-7.03456,-5.3026,-7.78127,-13.9262,10.6715,-9.48307e-05,-9.06817e-05
8.12,0.919624,1.12155,-11.1337,0.230642,-1.15082,0.13552,2.46837,-1.25464,5.36465,-4.21027,-7.75697,-9.51242e-05,0,-27.6143,-3.87421,-16.3428,80.3562,-3.71655,9.98039e-05,0,-0.106165,-3.08951,4.18461,6.01542,0.662616,0.912265,3.1298,-0.6675,0.000134918,4.86287e-05,-8.74235,-6.90803,-15.664,-7.86325,5.14074,4.07693e-05,3.01816e-05
8.16,2.8414,-1.97976,-12.0138,1.36431,-1.53697,0.458908,-2.96825,3.18642,10.4689,-3.08728,0.340916,-4.50766e-05,0,-30.6202,-12.6542,-17.3764,66.084,-47.5463,3.48344e-05,0,-0.227582,-0.517704,8.13438,-2.85856,1.77736,1.2612,5.41108,-1.73657,-1.02643e-05,0.000107931,-4.54232,-4.06264,-11.3043,-6.92568,4.42291,0.000117385,0.000128336
8.2,3.45877,-2.01518,-5.33327,1.33855,-1.83491,-0.576605,-4.45477,0.959629,7.48575,-3.04565,2.65634,-7.353e-05,0,-26.7109,-8.07838,-9.009,42.1938,-41.9387,-4.74789e-06,0,-1.4644,2.40994,2.81836,-7.01347,0.995895,2.46323,8.02195,-1.78282,-3.71283e-05,0.000102482,-0.0941253,-0.309624,-6.47654,-5.96713,3.39546,1.20442e-05,-1.79119e-05
8.24,3.07423,-0.0958745,3.77678,1.07497,-1.56258,-1.65551,-1.63132,-3.10726,3.856,-6.53442,1.15532,-9.74198e-05,0,-16.9419,1.95025,-0.811444,4.94067,-16.9601,0.000168509,0,-1.31222,2.53866,-5.63604,-8.92618,-0.50866,3.39303,6.32729,-0.465262,3.63166e-05,0.000186377,0.0264507,2.22899,-3.32287,-5.2955,0.670817,2.5774e-05,6.09596e-06
8.27,2.49831,1.66487,5.39009,1.12373,-0.852456,-1.8634,1.93947,-5.88221,2.30757,-11.8488,0.159092,-3.0169e-07,0,-11.7926,7.64914,4.29719,-25.5227,-6.40922,0.000138458,0,-0.916186,0.969828,-7.77317,-11.3574,-0.77106,3.97658,4.79782,0.381187,0.00012817,7.86439e-05,-2.81756,2.30291,-2.89034,-2.63197,-0.816622,5.49157e-05,-2.72595e-06
8.3,0.926067,2.40168,3.70909,1.14553,-0.207667,-2.07212,6.30909,-7.8155,1.90392,-16.4923,-2.80566,2.85914e-05,0,-5.50804,9.69101,7.92647,-57.4717,-0.508222,-8.05577e-06,0,0.583234,0.149635,-8.77786,-10.9903,-0.749312,-0.08986,-0.22764,-0.281542,0.00012584,-0.0001199,-4.12964,1.63987,-3.34529,-2.19684,0.372756,1.75341e-05,-4.77316e-05
8.34,3.11752,6.38658,-0.339727,1.52112,1.00092,-1.44476,6.48401,-11.9216,4.97872,-20.796,-6.27125,2.48584e-05,0,-6.70508,10.195,7.94769,-73.5694,1.1208,-0.000149934,0,-2.03798,-6.20486,-3.98672,-16.6127,-2.3336,-0.866254,4.40357,-1.32735,5.66889e-05,-2.44399e-05,-4.7673,-0.136543,-2.75159,-0.603542,0.84,-5.89991e-05,-2.51916e-05
8.38,3.96304,12.1681,-1.80957,1.03126,2.44385,-1.29277,16.197,-17.6009,8.89299,-37.3575,-20.0375,6.13037e-05,0,-3.25925,12.1623,2.25363,-57.8232,-2.53321,-0.000187172,0,-5.56261,-12.6913,-3.23826,-23.6832,-4.29614,-5.19947,13.7505,-3.34756,-2.4996e-05,-5.49455e-05,-3.42813,-1.82707,-0.505623,1.27663,-0.00350452,-3.2305e-05,-6.55079e-05
8.42,0.61675,6.58137,-0.307199,-0.226252,3.00529,-0.650782,32.4699,-9.14046,5.82954,-46.795,-35.8407,-9.5785e-05,0,-1.9882,6.33422,6.33045,-17.6184,6.83041,-4.0205e-05,0,-3.93794,-6.99865,-1.57168,-22.4034,-2.52961,-11.6389,5.57713,-5.2728,-3.68432e-05,-1.83285e-05,-1.62725,-2.08747,-0.584617,-1.46523,-1.05337,9.28216e-06,-0.000219534
8.58,1.40616,-6.31543,0.457408,-1.11034,-1.10428,0.429341,-12.1911,12.1506,-4.90243,72.2179,44.6124,2.35152e-05,0,-0.864702,-7.12527,-11.2173,1.22682,-11.3597,-0.000159338,0,-3.40847,7.45747,-6.31878,5.73322,0.174319,6.87992,-22.8513,3.42368,-0.000112337,-7.2822e-05,-3.38849,-0.25834,2.3835,3.73339,2.72341,-0.000132635,-0.000114675
8.8,4.12472,-5.74911,-0.742183,0.715354,0.180672,1.64871,-12.3787,11.2252,2.62567,-33.2185,-20.8221,8.78536e-05,0,2.66407,-10.4745,2.42858,-14.368,-9.60413,-0.000178196,0,-3.963,4.68292,3.2571,1.58753,-1.07931,4.28988,21.7419,5.54095,-4.33795e-05,9.544e-06,0.560917,-1.19321,-0.137032,0.964713,-0.496145,-0.000164607,-0.000171429
8.87,-0.0704145,-3.23531,3.15037,2.13977,0.969188,0.715549,3.00003,0.581488,13.6907,-86.3917,15.0606,4.51149e-05,0,12.1097,-7.89599,10.3699,-23.038,-10.1674,-0.000174332,0,4.0825,3.59389,1.86653,0.629866,-2.41352,6.84714,26.3858,2.168,7.5926e-05,4.42972e-05,-3.09697,1.81017,1.04417,-0.882943,-1.418,5.4013e-05,-6.35502e-05
8.91,3.17267,-7.44417,2.20442,0.935761,2.38895,0.215958,2.28542,2.69685,5.01937,-56.8657,10.297,-0.000137936,0,21.9216,-8.92846,7.31945,-38.7843,-27.5102,0.000107626,0,-2.13969,9.21625,2.29424,10.4676,-3.35022,3.67007,22.3693,0.636337,-7.88801e-06,-0.000207806,-8.56649,5.23633,2.08529,0.08305,-2.96361,0.000172536,-9.48818e-05
8.97,-0.329329,-10.7479,-0.527433,-1.8173,2.15329,0.0473613,-6.42235,13.533,-1.97586,17.2782,12.2734,6.01621e-05,0,42.7247,-6.4761,-3.53373,-47.5354,-48.0041,0.000102433,0,-1.86955,11.3567,1.40378,22.6578,-3.75993,-3.63225,12.6895,0.146013,8.4933e-05,-0.000117644,-1.1948,4.24048,2.62603,0.2979,-4.26848,-8.09121e-06,1.77536e-05
9.05,-9.86776,8.93813,-1.019,-2.53435,-0.732153,-0.63136,-2.05698,-7.60255,-9.87778,25.069,11.6128,0.000108068,0,22.103,18.0301,-3.65328,31.076,67.8718,-0.00015329,0,8.78118,-10.523,0.73188,12.6306,0.783367,-3.26163,8.28154,-2.97539,-1.70506e-05,3.82396e-05,7.03252,-4.1723,-0.648958,0.976225,0.907045,5.21288e-05,-4.43672e-05
9.11,-2.0772,9.59534,-5.27367,-0.67311,-0.548203,-0.449399,-0.23573,-11.2396,-6.42392,4.84985,-10.2933,7.67557e-05,0,-19.3907,14.5572,-5.42066,83.7997,67.59,8.56859e-05,0,2.22765,-11.1863,0.251909,7.64797,4.09883,0.381059,2.47581,-1.9046,-4.3326e-05,-3.77658e-05,-5.56258,-5.96893,-0.880059,3.73876,2.36849,0.000105745,9.24371e-05
9.16,2.11257,1.64765,-11.4764,0.297104,-1.11833,-0.108514,-0.0406989,-2.26022,6.84391,-3.04827,-9.08355,-5.60329e-05,0,-30.3017,-2.68769,-12.3067,79.279,-5.3342,0.000136977,0,-1.91875,-2.83486,5.49262,4.02723,4.19504,5.35288,1.79263,0.52882,0.000231056,1.97854e-05,-2.70676,-0.00312158,-2.12495,1.52761,2.52496,-0.000195673,4.38502e-05
9.22,2.91866,-3.46599,-7.78182,1.12424,-2.10784,-0.374721,-5.10976,3.13501,8.74349,0.0575697,1.67199,-8.76235e-05,0,-25.3392,-11.3296,-8.69777,46.5816,-32.8008,4.18331e-05,0,-1.0753,3.82885,5.20902,-5.93804,3.10926,9.56286,4.30596,1.3005,-0.0001056,0.000169296,3.59859,5.51166,-1.7916,-1.33669,1.64275,-4.77206e-05,4.53824e-05
9.26,6.66267,-0.351481,-0.75353,1.26095,-1.37303,-0.957272,-7.32359,-1.5618,9.09735,-4.36776,3.56688,-7.75955e-05,0,-27.8054,-2.49959,-0.970968,26.1199,-26.7996,1.48022e-05,0,-5.69304,2.14502,0.00584451,-11.4848,0.803348,14.0703,6.68304,1.6176,-2.9437e-05,8.22414e-07,0.556394,3.52691,0.415598,-1.58128,0.246607,0.000243967,6.62448e-05
9.29,8.64802,5.19902,2.0244,1.35172,-0.509725,-1.47605,-6.77235,-9.35204,6.21709,-9.38429,3.10518,-6.65812e-05,0,-25.4834,7.73161,6.12843,-3.7811,-22.2433,-8.83767e-05,0,-8.33556,-3.38134,-2.09938,-13.1017,-2.88408,15.9769,5.52706,1.25003,8.82795e-06,-6.33372e-05,-3.1574,-0.00980467,3.69849,-1.41049,4.07028,7.92706e-05,-6.84412e-05
9.32,4.02117,4.91603,5.85791,0.765525,-0.165681,-1.97957,3.91879,-9.84762,1.8263,-17.5528,-1.96515,-7.57082e-06,0,-10.6441,11.6559,4.72721,-41.6129,-10.4492,-9.68406e-05,0,-4.46832,-2.7176,-8.8986,-9.87631,-0.511503,5.77273,-0.242553,0.0658428,2.05977e-05,-7.43922e-05,-0.635023,-3.08255,2.87458,-1.72964,3.57958,0.000120915,0.000132902
9.36,0.102584,5.04638,1.24403,1.02249,0.409167,-1.4591,14.3488,-11.9661,1.41116,-29.1567,-8.44969,3.09568e-05,0,0.157171,9.34649,3.86706,-81.6215,4.89126,-0.000173993,0,0.273693,-5.03851,-8.38078,-12.2197,0.492306,-2.32918,-1.36657,-0.484207,-6.82199e-05,8.30848e-05,-1.45563,-6.4373,-2.32903,0.409735,0.71778,-9.98874e-05,-8.64086e-05
9.4,-1.65753,5.06415,0.935919,1.26554,1.32076,-0.982567,19.3842,-9.5439,4.67382,-32.8566,-14.408,3.62062e-05,0,5.31844,5.98577,-2.49349,-71.9573,10.5307,-3.39181e-06,0,2.91401,-5.94481,-7.79702,-17.4487,0.814446,-7.33949,-0.844424,-0.82019,-0.000107397,2.20034e-06,-1.85794,-5.47558,-1.82823,0.0166204,-2.16524,-7.90128e-05,-1.34695e-07
9.44,12.2188,-3.85192,4.75135,-0.66656,0.00233479,-1.36754,18.9792,0.608192,0.477464,-52.4272,-22.202,0.00014707,0,4.69764,-7.35127,-6.40394,-61.278,23.6005,0.000116169,0,-18.423,-21.004,-22.6392,-7.58377,-0.797046,15.41,-1.31891,-5.81676,-8.17797e-05,0.000181895,-41.0859,-168.366,-281.242,-403.849,-533.167,-0.000964528,0.000584251
